Angiosperms_1221,Oeuropaea,Oeuropaea-Oeuropaea-XP_022899458,2865,-,0,AGAGATTGTACTCAAACAGATAGACCAAAT,,NC_036252.1,5302860,-,M_10040
Angiosperms_1221,Lannua,Lannua-Lannua-Luann.0029s0113,1283,-,1,AAGATTGCATACAATTTAGGGGACATTTT,,Luna_scaffold29,516800,-,M_177083
Angiosperms_1221,Ahalleri,Ahalleri-Ahalleri-Araha.0018s0007,1971,-,1,TAAATTGTAGTGGTCCTATTAGACAAAAT,,Scaffold18,28454,+,M_62245
Angiosperms_1221,Cmaxima,Cmaxima-Cmaxima-CmaCh02G017550,279,-,0,AGTAAACGTATTGACACAACCAACCAAAGT,,Cma_Chr02,9826923,+,M_1352
Angiosperms_1221,Crubella,Crubella-Crubella-Carub.0004s2483,1385,-,3,GATTGCATACAATTTAGGGGACATTTG,,scaffold_4,12829974,+,M_131951
Angiosperms_1221,Pmume,Pmume-Pmume-Pmume.008235713,1578,+,0,TGATTTTGTATTCCTATATATAGACAAAGT,,NC_024131.1,4053733,-,M_12458
Angiosperms_1221,Pvulgaris,Pvulgaris-Pvulgaris-Phvul.007G195100,1746,+,0,TGATTTTGTACACAAATAAGTAGACAGAAT,,Chr07,31718870,-,M_239585
Angiosperms_1221,Camplexicaulis,Camplexicaulis-Camplexicaulis-Caamp.0076s1522,1720,-,1,AAGATTGCATACAATTTAGGGGACATTTT,,Caul_scaffold76,7183593,-,M_461339
Angiosperms_1221,Carietinum,Carietinum-Carietinum_ICC4958-cicar.Ca_07299,2203,+,0,TGATTTTGTGTTCATACAAATAGACAAAGT,,cicar.ICC4958.gnm2.Ca3,35451612,+,M_27294
Angiosperms_1221,Vunguiculata,Vunguiculata-Vunguiculata_CB5-VuCB5-2.01G138200,1116,+,0,TGATTTTGTATTCGTACAAGTAGACAAAGT,,chr1,28658986,+,M_7697
Angiosperms_1221,Humbratica,Humbratica-Humbratica.fixed-Hum_XP_021280771,1255,+,1,GGCCTTGTGTCCTTATTTATAGACAAAAT,,NW_018397258.1,7729731,+,M_6265
Angiosperms_1221,Gmustelinum,Gmustelinum-Gmustelinum.fixed-Gmus_TYI55472,5500,-,0,GGGTTTTGCATTCAATCAAGGGAACATTTT,,CM017659.1,12918206,+,M_49991
Angiosperms_1221,Chirsutum,Chirsutum-Chirsutum-CARHR137480,1456,-,1,AAGAGTGTATACAGTTTAGGGGACATTTT,,Chr4,20661826,+,M_132247
Angiosperms_1221,Gmustelinum,Gmustelinum-Gmustelinum.fixed-Gmus_TYJ09441,2506,-,0,GGGTTTTGCATTCAATCAAGGGAACATTTT,,CM017646.1,14822176,+,M_23301
Angiosperms_1221,Garboreum,Garboreum-Garboreum.fixed-Garb08G0709,1133,+,12,CACATTTTTAGACAAAAT,,Chr08,10434943,-,M_21047
Angiosperms_1221,Ejaponica,Ejaponica-Ejaponica-EVM0019676,3829,+,0,TGATTTTGTATTCCTATATATAGACAAAGT,,LG2,13061262,+,M_17095
Angiosperms_1221,Creticulata,Creticulata-Creticulata-MSYJ219850,878,+,0,AAGGCTTGTACTCACTCATACAGACAAAGT,,scaffold132_cov94,1693818,+,M_876
Angiosperms_1221,Mmicrantha,Mmicrantha-Mmicrantha-KAD3338357,2063,+,0,AACCTTTTTAAGTTAGTAAGTCGGCAAAAT,,CM018695.1,87087072,+,M_181980
Angiosperms_1221,Itriloba,Itriloba-Itriloba-XP_031113453,2232,-,0,CCAATTTGCACTCAATCAAGGGGACATTTT,,NC_044919.1,30028271,+,M_4778
Angiosperms_1221,Slycopersicum,Slycopersicum-Slycopersicum-Solyc09g066260,2539,+,12,CGAATTTTTAGACAACTT,,SL4.0ch09,60788991,+,M_389124
Angiosperms_1221,Evesicaria,Evesicaria-Evesicaria-Eruve.0104s0026,1334,-,1,AAGATTGCATGCAATTTAGGGGACATTTT,,Eruc_scaffold104,91554,+,M_8413
Angiosperms_1221,Ccathayensis,Ccathayensis-Ccathayensis-CCA0757S0033,1338,+,0,TGATTTTGTTTTCATATATGTAGACAAAAT,,scaffold25352,656520,+,M_11506
Angiosperms_1221,GmaxWm82,GmaxWm82-GmaxWm82-GmISU01.10G032100,1555,+,0,TGATTTTGTATACATATGAGTAGACACAGT,,Gm10,3046262,+,M_414546
Angiosperms_1221,Dzibethinus,Dzibethinus-Dzibethinus.fixed-Dzib_XP_022759760,1228,-,2,TTTGTGCATTCAATAAAGGGAACATTTT,,NW_019167893.1,7182372,+,M_9069
Angiosperms_1221,Lsativum,Lsativum-Lsativum-Lesat.0020s0176,1623,-,5,TTGCATACAATTTAGGGGACATTTT,,Lepi_scaffold20,824099,+,M_153860
Angiosperms_1221,Alappa,Alappa-Alappa-KAI3678825,2543,+,0,CAATCTTGTACTCAAATACATAGACAAAAT,,CM042060.1,64273754,-,M_115932
Angiosperms_1221,Ptomentosa,Ptomentosa-Ptomentosa-KAG6776427,1150,+,0,TGAGCTTGTTTCCATATATGTAGACAAAGT,,CM031976.1,17860693,+,M_13190
Angiosperms_1221,Carabica,Carabica-Carabica-XP_027063574,1490,+,1,AACCCTGTTCTCAAATTGACAGACAAAGT,,NC_039899.1,45828608,-,M_2159
Angiosperms_1221,Cpepo,Cpepo-Cpepo-Cp4.1LG05g01320,279,-,0,TAAGTTTGTATTGACACAACCAACCAAAGT,,Cp4.1LG05,278507,-,M_3582
Angiosperms_1221,Cargyrosperma,Cargyrosperma-Cargyrosperma-Carg16869,727,-,3,TGATGCATTCAATCAAGGGGACACTTT,,Cucurbita_argyrosperma_scaffold_105,524610,+,M_6389
Angiosperms_1221,Pgranatum,Pgranatum-Pgranatum-XP_031371791,2704,+,0,GGGTTTTGTATCCATATTCATAGACAAAAT,,NC_045134.1,18310970,-,M_8470
Angiosperms_1221,Lsativum,Lsativum-Lsativum-Lesat.0189s0503,3145,-,1,AAGATTGCATACAATTTAGGGGACATTTT,,Lepi_scaffold189,3901101,-,M_141858
Angiosperms_1221,Ppruinosa,Ppruinosa-Ppruinosa-Phypru06g019030,688,+,21,AGACAAAAT,,chr6,22019524,+,M_364027
Angiosperms_1221,Smelongena,Smelongena-Smelongena-SMEL_009g328180,2864,+,1,GCCTGTGTATTCCAATTTTTAGACAACTT,,SMEL3Ch09,22890368,+,M_263146
Angiosperms_1221,Itriloba,Itriloba-Itriloba-XP_031101304,3118,+,1,AGTTGTGTGGTGGATTAGATAGACAAAAT,,NC_044929.1,22411283,-,M_14128
Angiosperms_1221,Garmourianum,Garmourianum-Garmourianum.fixed-Garm_MBA0832076,1608,-,0,GGGTTTTGCATTCAATCAAGGGAACATTTT,,CM025238.1,10500548,+,M_8847
Angiosperms_1221,Vangularis,Vangularis-Vangularis_Shumari-Vigan.08G224400,2106,+,18,AACACTCATGAT,,vigan.Shumari.gnm1.Chr08,20456933,+,M_190368
Angiosperms_1221,Salba,Salba-Salba-Sialb.0452s0072,1031,-,1,AAGATGGCATACAATTTAGGGGACACTTT,,scaffold_452,110427,-,M_324987
Angiosperms_1221,Ssuchowensis,Ssuchowensis-Ssuchowensis-Ssuc5250500,1433,+,0,TGCCCTTGTGTCCATATATGTAGACAACGT,,CM029800.1,2557158,-,M_2049
Angiosperms_1221,Mmaritima,Mmaritima-Mmaritima-Mamar.0027s0198,1484,+,8,TATTGGCATTTATAGAAAAAAT,,Malc_scaffold27,730640,-,M_113767
Angiosperms_1221,Mbaccata,Mbaccata-Mbaccata-MABA041200,1144,+,0,TGATTTTGCATTCCTATATATAGACAAAGT,,scaffold1288,273117,-,M_3459
Angiosperms_1221,Ssuchowensis,Ssuchowensis-Ssuchowensis-Ssuc5246312,1056,+,0,CGACCTTGTATCCGTTTATGTAGACAAAGT,,CM029803.1,16535730,+,M_6857
Angiosperms_1221,Aipaensis,Aipaensis-Aipaensis-Araip.I1LYJ,1971,+,0,TGATTTTGTATTCATAGAAGTAGACAAAGT,,araip.K30076.gnm1.Araip.B02,15434432,+,M_9850
Angiosperms_1221,Eguttata,Eguttata-Eguttata-XP_012828921,5597,+,14,AATATATAGACCAAAT,,NW_012195002.1,211506,+,M_8326
Angiosperms_1221,SMEbrinjal,SMEbrinjal-SMEbrinjal-Smechr0603135,1119,+,21,AGACAAAAT,,E06,89101557,-,M_275609
Angiosperms_1221,Spennellii,Spennellii-Spennellii-Sopen09g027960,2760,+,2,CACCTGTATTCGAATTTTTAGACAACTT,,Spenn-ch09,76082405,+,M_395989
Angiosperms_1221,Athaliana,Athaliana-Athaliana-AT3G58180,443,+,8,TATTGGTATTTTTAGACATAAT,,Chr3,21546424,+,M_204762
Angiosperms_1221,Cmoschata,Cmoschata-Cmoschata-CmoCh19G000890,742,-,3,TGATGCATTCAATCAAGGGGACACTTT,,Cmo_Chr19,501415,+,M_9198
Angiosperms_1221,Cmaxima,Cmaxima-Cmaxima-CmaCh19G000790,723,-,3,TGATGCATTCAATCAAGGGGACACTTT,,Cma_Chr19,457754,+,M_8648
Angiosperms_1221,Cgrandiflora,Cgrandiflora-Cgrandiflora-Cagra.2636s0029,1393,-,3,GATTGCATACAATTTAGGGGACATTTG,,Scaffold2636,97406,+,M_104199
Angiosperms_1221,Clanatus,Clanatus-Clanatus-ClCG07G000920,1272,-,3,TGATGCATTCAATCAAGGGGACACTTT,,CG_Chr07,979094,+,M_5653
Angiosperms_1221,Palba,Palba-Palba-Palba.034915307,835,+,0,TGACCTTGTATCCATATATGTAGACAAAGT,,NW_023271407.1,463647,-,M_8390
Angiosperms_1221,Rislandica,Rislandica-Rislandica-Roisl.0026s0069,579,+,4,TGGTATTTGTATTTTTCAGACATAAT,,Rori_scaffold26,348687,-,M_145185
Angiosperms_1221,Ssonchifolius,Ssonchifolius-Ssonchifolius-KAI3829751,4791,+,3,CTTTTTAAGTTAATAAATCGGCAAAAT,,CM042018.1,125595334,+,M_13101
Angiosperms_1221,Lsiceraria,Lsiceraria-Lsiceraria-Lsi05G010030,1159,-,3,TGATGCATTCAATCAAGGGGACACTTT,,chr05,17499964,+,M_4075
Angiosperms_1221,Dzibethinus,Dzibethinus-Dzibethinus.fixed-Dzib_XP_022728193,1186,-,5,GTGCATTCAATCAAGTGAACATTTT,,NW_019168049.1,8455923,+,M_24801
Angiosperms_1221,Ssuberectus,Ssuberectus-Ssuberectus-TKY62376,1191,+,0,TGATTTTGTATTCATACAAGTAGACAAGGT,,CM014732.1,20011707,-,M_180791
Angiosperms_1221,Cannum,Cannum-Cannuumzunla-Capana06g000127,1014,+,19,TCAGACAAAAT,,Chr06,1731702,+,M_98413
Angiosperms_1221,Fhindsii,Fhindsii-Fhindsii-sjg198290,875,+,0,AAGGCTTGTACTCACTCATACAGACAAAGT,,tig00040152_arrow_pilon,2495116,-,M_16414
Angiosperms_1221,Nicotiana,Nicotiana-Nattenuata-NIATv7_g38982,5044,-,3,CATTGTATTCGAATATTTAGACAACTG,,chr03,59760229,-,M_21465
Angiosperms_1221,Rargentea,Rargentea-Rargentea-XP_030545927,1296,-,2,CACATGCATTCAATCAAGGGGACAATTG,,NC_063156.1,27668796,+,M_7572
Angiosperms_1221,Hsyriacus,Hsyriacus-Hsyriacus-KAE8676224,742,+,1,GGCCTTGTATTCATATTTATAGACCAAAT,,VEPZ02001387.1,2536441,+,M_37744
Angiosperms_1221,Dsophioides,Dsophioides-Dsophioides-Desop.0198s0075,1345,-,1,AAGATTGCATACAATTTAGGGGACAATTT,,Desc_scaffold198,300124,-,M_28477
Angiosperms_1221,Popruinosa,Popruinosa-Popruinosa-Ppr_22.13192,1370,+,0,TGACCTTGTTTCCATATGTGTAGACAAAGT,,scaffold22,2701684,-,M_5641
Angiosperms_1221,Fnilgerrensis,Fnilgerrensis-Fnilgerrensis-GWHPABKC005881,1417,-,0,GTTTTGTGCATTCAATCAAGGGGACACTTT,,GWHABKC00000004,22227557,-,M_7668
Angiosperms_1221,Gmustelinum,Gmustelinum-Gmustelinum.fixed-Gmus_TYJ21552,1097,+,12,CACATTTTTAGACAAAAT,,CM017643.1,9717662,-,M_16006
Angiosperms_1221,Mbaccata,Mbaccata-Mbaccata-MABA000764,1586,+,0,TGATTTTGTATTCCTATATATAGACAAAGT,,scaffold5,2044985,+,M_16865
Angiosperms_1221,Bvariegata,Bvariegata-Bvariegata-KAI4301130,1429,+,0,TGATTTTGTACTCTAACACGAAGACAAAGT,,CM039438.1,20009558,-,M_90813
Angiosperms_1221,Gtrilobum,Gtrilobum-Gtrilobum.fixed-Gtri_MBA0769673,2604,-,0,TCATTTGGCATTCAATCAAGGGAACATTTT,,CM025160.1,8845282,+,M_8568
Angiosperms_1221,Itinctoria,Itinctoria-Itinctoria-Isati.1617s0001,1633,-,1,AAAGTTGCATACAATTTAGGGGACATTTT,,Isat_scaffold1617,9131,+,M_127355
Angiosperms_1221,GmaxWm82,GmaxWm82-GmaxWm82-GmISU01.03G124700,1207,+,0,TGATTTTGTATTCGTACAAGTAGACAAAGT,,Gm03,40960255,+,M_109980
Angiosperms_1221,Alyrata,Alyrata-Alyrata-AL4G40890,1828,+,1,AAGATTGCATACAAATTAGGGGACATTTT,,scaffold_4,20721202,-,M_169068
Angiosperms_1221,Gsoja,Gsoja-Gsoja_F-GsF4959323,1475,+,0,TGATTTTGTATACATATGAGTAGACACTGT,,CM024980.1,22564487,+,M_168330
Angiosperms_1221,Tarvense,Tarvense-Tarvense-Thlar.0014s1105,1522,-,1,AAGATTGCATACAATTTAGGGGACACATT,,Thla_scaffold14,4818445,-,M_54674
Angiosperms_1221,Gdarwinii,Gdarwinii-Gdarwinii.fixed-Gdar_TYG56605,1134,+,3,CCTTGTATCCATACTTTTAGACAAAAT,,CM017708.1,8397807,-,M_43984
Angiosperms_1221,Alyrata,Alyrata-Alyrata-AL5G39880,488,+,8,TATTGGTATTTATAGACATAAT,,scaffold_5,18755020,+,M_206448
Angiosperms_1221,Ganomalum,Ganomalum-Ganomalum-KAG8477765,2535,-,0,GGGTTTTGCATTCAATCAAGGGAACATTTT,,CM033494.1,13930180,+,M_24440
Angiosperms_1221,GmaxWm82,GmaxWm82-GmaxWm82-GmISU01.19G128600,1194,+,0,TGATTTTGTATTCGTAAATGTAGACAAAGT,,Gm19,45436081,+,M_815724
Angiosperms_1221,Cquinoa,Cquinoa-Cquinoa-XP_021768860,8183,-,3,AATTGTTGTCAAATAGATGGACAAATT,,NW_018743196.1,2411938,+,M_3767
Angiosperms_1221,Ppruinosa,Ppruinosa-Ppruinosa-Phypru04g009830,3680,+,21,AGACAACAT,,chr4,12012236,-,M_284352
Angiosperms_1221,Nicotiana,Nicotiana-Ntabacum-Nitab4.5_0000086g0150,16690,-,1,GCCATTGTATTCGAATTCTTAGACAACTG,,Nitab4.5_0000086,906286,+,M_11426
Angiosperms_1221,Trifolium,Trifolium-Tpratense_385-Tp57577_TGAC_v2_gene16297,3937,+,0,TGATTTTGTATTCATACACATAGACAAAGT,,Tp57577_TGAC_v2_LG7,19416107,+,M_114232
Angiosperms_1221,Hsyriacus,Hsyriacus-Hsyriacus-KAE8675108,1533,+,1,GGCCTTGTATTCATATTTATAGACCAAAT,,VEPZ02001405.1,274721,+,M_38473
Angiosperms_1221,Hsyriacus,Hsyriacus-Hsyriacus-KAE8692198,4367,+,0,GGGTTTTGCATTCAATCAAGGGGACATTTT,,VEPZ02001139.1,1742057,+,M_27969
Angiosperms_1221,Pdeltoides,Pdeltoides-Pdeltoides-KAH8515353,823,+,0,TGACCTTGTATCCATATATGTAGACAATGT,,CM027571.2,2707623,-,M_3117
Angiosperms_1221,Athaliana,Athaliana-Athaliana-AT2G42430,1445,-,1,AAGATTGCATACAATTTAGGGAACATTTT,,Chr2,17666598,+,M_133140
Angiosperms_1221,Hsyriacus,Hsyriacus-Hsyriacus-KAE8692199,1033,+,1,TGCCTTGTATTCATATTTATAGACAAAAT,,VEPZ02001139.1,1742082,-,M_27970
Angiosperms_1221,Slycoperscoides,Slycoperscoides-Slycoperscoides06-Solyd06g079210,1282,+,6,TGTACTCGAATTCTCAGACAAAAT,,SLYD0.6ch06,89396996,-,M_347805
Angiosperms_1221,Lannua,Lannua-Lannua-Luann.0011s0233,990,-,5,TTGCATATAGTTTAGGGGACATTTT,,Luna_scaffold11,916034,+,M_31686
Angiosperms_1221,Schacoense,Schacoense-Schacoense-g37040,858,+,6,TGTACTCGAATTCTCAGACAAAAT,,Chr06,41085630,-,M_295318
Angiosperms_1221,Twilfordii,Twilfordii-Twilfordii-XP_038718253,2590,+,0,TGTTGTTGTATTCAAATAAATGGACAAGGT,,NC_052243.1,785064,+,M_9169
Angiosperms_1221,Chirsutum,Chirsutum-Chirsutum-CARHR168560,535,+,2,TAGTGGTATTGGTATTTTTCGACAAAAT,,Chr5,19745096,+,M_161267
Angiosperms_1221,Cmaritima,Cmaritima-Cmaritima-Camar.0065s0068,959,+,5,TTGTATTGGTCATATTAGACAAAAT,,Caki_scaffold65,294783,+,M_260446
Angiosperms_1221,Sbrachista,Sbrachista-Sbrachista-GWHPAAZH002177,1417,+,0,TGCCCTTGTGTCCATATATGTAGACAACGT,,GWHAAZH00000002,2427580,-,M_1270
Angiosperms_1221,Popruinosa,Popruinosa-Popruinosa-Ppr_422.20385,624,+,0,TGACCTTGTATCCATATATGTAGACAAAGT,,scaffold422,1014096,-,M_9828
Angiosperms_1221,Pacutifolius,Pacutifolius-PacutifoliusWLD-Phacu.WLD.001G190600,1194,+,0,ATGATTTTGTATAGTACAAGTAGACAAAGT,,Chr01,32491309,+,M_19248
Angiosperms_1221,Sparvula,Sparvula-Sparvula-Sp5g04530,1008,+,2,TAGTAGTATTAGTATTTTTAGACAAAAT,,ch5-1,1639961,-,M_149487
Angiosperms_1221,Hbrasiliensis,Hbrasiliensis-Hbrasiliensis-KAF2325336,1279,+,0,GAGCATTGTATTCATAAAAATAGACAAAGT,,CM021230.1,79905301,+,M_12838
Angiosperms_1221,Iglandulifera,Iglandulifera-Iglandulifera-XP_047334101,3017,+,2,GATGTGTACACATTTAAGCAGACAAAAT,,NC_061866.1,2156515,+,M_4743
Angiosperms_1221,Pilicifolia,Pilicifolia-Pilicifolia-GWHPABKR004175,827,+,0,TGACCTTGTATCCATATATGTAGACAAAGT,,GWHABKR00000002,2564665,-,M_2646
Angiosperms_1221,Hannuus,Hannuus-Hannuus-XP_022035763,3186,+,3,CTTTTTAAGTTAATAAATCGGCAAAAT,,NC_035433.2,84974594,+,M_6599
Angiosperms_1221,Langustifolius,Langustifolius-Langustifolius-Lup024556,1355,+,0,GATTTTTGTATTCATACAAGTAGACAAGGT,,lupan.Tanjil.gnm1.NLL-04,26185442,+,M_37559
Angiosperms_1221,Lannua,Lannua-Lannua-Luann.0316s0032,588,+,5,TGATATTGGTATTTTTAGACAAAAT,,Luna_scaffold316,110649,+,M_197337
Angiosperms_1221,Palba,Palba-Palba-Palba.034931814,1151,+,0,TGAGCTTGTTTCCATATATGTAGACAAAGT,,NW_023271789.1,2485679,-,M_15595
Angiosperms_1221,Spennellii,Spennellii-Spennellii-Sopen06g035330,1097,+,6,TGTACTCGAATTCTCAGACAAAAT,,Spenn-ch06,60218096,-,M_303675
Angiosperms_1221,Ssplendens,Ssplendens-Ssplendens-XP_042056123,7879,-,21,AGACCAAAT,,NC_056035.1,12414736,-,M_4652
Angiosperms_1221,Esalsugineum,Esalsugineum-Esalsugineum-Thhalv10017158m,1828,-,1,AAGATTGCATACAATTTAGGGGACATATT,,scaffold_10,11582836,+,M_53015
Angiosperms_1221,Cunshiu,Cunshiu-Cunshiu-GAY63840,878,+,0,AAGGCTTGTACTCACTCATACAGACAAAGT,,BDQV01000375.1,88743,+,M_13114
Angiosperms_1221,Carietinum,Carietinum-Carietinum_492-Ca_12213,2202,+,0,TGATTTTGTGTTCATACAAATAGACAAAGT,,Ca3,31169634,+,M_47768
Angiosperms_1221,Slycopersicum,Slycopersicum-Slycopersicum-Solyc06g083930,1104,+,6,TGTACTCGAATTCTCAGACAAAAT,,SL4.0ch06,46798821,-,M_299078
Angiosperms_1221,Mperfoliatum,Mperfoliatum-Mperfoliatum-Myper.0017s0455,1693,-,1,AAGATTGCATACAATTTCGGGGACATTTT,,scaffold_17,529636,+,M_97296
Angiosperms_1221,Balternifolia,Balternifolia-Balternifolia-KAG8370774,1960,+,0,CAACATTGTATTCATATATATAGACCAAAT,,CM033402.1,2170351,+,M_10527
Angiosperms_1221,Vradiata,Vradiata-Vradiata-Vradi08g08680,2070,+,0,TGATTTTGTATACATATAAGTAGACAGAGT,,vigra.VC1973A.gnm6.Vr08,24304883,+,M_192527
Angiosperms_1221,pgrisea,pgrisea-Phygri1.3.fixed-Phygri04g009800,3680,+,21,AGACAACAT,,chr4,11566867,-,M_254164
Angiosperms_1221,Mcharantia,Mcharantia-Mcharantia.fixed-Mch_XP_022146014,454,+,0,TAATTTTGTACTCACACAAGCAACCAAACT,,NW_019104526.1,1012570,+,M_5412
Angiosperms_1221,Gmustelinum,Gmustelinum-Gmustelinum.fixed-Gmus_TYI68214,1152,+,3,CCTTGTATCCATACTTTTAGACAAAAT,,CM017656.1,8815398,-,M_43801
Angiosperms_1221,Carabica,Carabica-Carabica-XP_027110460,4475,+,1,AACCCTGTTCTCAAATTGACAGACAAAGT,,NC_039898.1,48151456,-,M_893
Angiosperms_1221,Ccajan,Ccajan-Ccajan-cajan_09673,1131,+,0,TGATTTTGTATTCATACAAGTAGACAAAGT,,cajca.ICPL87119.gnm1.Cc03,16925491,+,M_61209
Angiosperms_1221,Itinctoria,Itinctoria-Itinctoria-Isati.3224s0005,1576,-,1,AAGGTTGCATACAATTTAGGGGACATTTT,,Isat_scaffold3224,16628,-,M_331150
Angiosperms_1221,Chispanica,Chispanica-Chispanica-Crahi.0004s0273,1463,-,1,AAGATTGCATGCAATTTAGGGGACATTTT,,Cram_scaffold4,1236783,-,M_188008
Angiosperms_1221,Cintybus,Cintybus-Cintybus-KAI3749498,6954,-,0,AGACTTTGTCCTCAAATACATAGACAAAAT,,CM042012.1,6610759,-,M_73935
Angiosperms_1221,Vangularis,Vangularis-Vangularis_Gyeongwon-Vang0236s00060,1172,+,0,TGATTTTGTATTCGTACAAGTAGACAAAGT,,vigan.Gyeongwon.gnm3.scaffold_236,73482,-,M_78046
Angiosperms_1221,Sdunnii,Sdunnii-Sdunnii-Sdun9682990,940,+,0,TGAACTTGTATCCGTATACGTAGACAAAGT,,CM027663.1,16456045,+,M_5338
Angiosperms_1221,Cmelo,Cmelo-Cmelo-MELO3C024038,1660,+,1,TATTTTGTATTCACACAACCAAGCAATGT,,chr4,23302029,+,M_3645
Angiosperms_1221,Mintegrifolia,Mintegrifolia-Mintegrifolia-XP_042513095,1173,+,1,AAACTTGTATTCAAATACATAGACAAAAT,,NC_056565.1,24139101,+,M_3158
Angiosperms_1221,Mannua,Mannua-Mannua-XP_050238879,5411,+,1,GCCATTGTCTTCATAAAAATAGACAATAT,,NC_065575.1,43358589,+,M_10844
Angiosperms_1221,Cmelo,Cmelo-Cmelo3.6.1-MELO3C024038.2,1661,+,0,TTATTTTGTATTCACACAACCAAGCAATGT,,chr04,23350292,+,M_2148
Angiosperms_1221,Pdeltoides,Pdeltoides-Pdeltoides-KAH8509384,1172,+,0,TGACCTTGTTTCCATATATGCAGACAAAGT,,CM027574.2,22407671,+,M_8876
Angiosperms_1221,Aofficinalis,Aofficinalis-Aofficinalis-evm.model.AsparagusV1_07.1864,5966,+,12,CACATTAGGAGACAATAT,,AsparagusV1_07,63452252,+,M_3977
Angiosperms_1221,Ahypogaea,Ahypogaea-Ahypogaea-arahy.XA7Z28,1798,+,0,TGATTTTGTATTCATAGAAGTAGACAAAGT,,arahy.Tifrunner.gnm2.Arahy.02,13242055,+,M_4648
Angiosperms_1221,SMEbrinjal,SMEbrinjal-SMEbrinjal-Smechr0901884,2864,+,1,GCCTGTGTATTCCAATTTTTAGACAACTT,,E09,78568823,+,M_363687
Angiosperms_1221,Jsinuosa,Jsinuosa-Jsinuosa-Jalsin_scf36133g00020,4201,+,12,CGAATTTTTAGACAACTT,,scf7180000036133,276169,-,M_431115
Angiosperms_1221,Nnucifera,Nnucifera-Nnucifera_185-XP_010262266,810,+,0,AACTTTTGCATGCAAATAGATAGACAAAAT,,NW_010729103.1,575076,+,M_2598
Angiosperms_1221,Salba,Salba-Salba-Sialb.0004s1078,1611,-,1,AAGATGGCATACAATTTAGGGGACACTTT,,scaffold_4,4136110,-,M_294532
Angiosperms_1221,Petunia,Petunia-Paxillaris-Peaxi162Scf01530g00032,1400,+,0,TGCCCTTGTATTCGAATTCTCAGACAAAAT,,Peaxi162Scf01530,25803,-,M_135645
Angiosperms_1221,Ccapsularis,Ccapsularis-Ccapsularis-OMO78449,1193,-,0,GGCTTGTGCATTCAATCAAGGGAACATTTT,,AWWV01010566.1,29249,-,M_5008
Angiosperms_1221,Nicotiana,Nicotiana-Ntabacum-Nitab4.5_0004192g0030,19359,+,1,GCCATTGTATTCGAATTCTTAGACAACTG,,Nitab4.5_0004192,162177,-,M_176579
Angiosperms_1221,Itinctoria,Itinctoria-Itinctoria-Isati.0098s0017,1883,+,0,ATCATAGTAGTTTTTTAGAAAGAAAAAAAT,,Isat_scaffold98,166925,-,M_707338
Angiosperms_1221,Gaustrale,Gaustrale-Gaustrale-KAA3474950,2707,-,0,TCAATTCGCATTCAATCAAGGGAACATTTT,,CM016624.1,19135111,+,M_25066
Angiosperms_1221,Csativa,Csativa-Csativa-XP_030499371,3195,+,0,TCATTATGTATTCTAATATGAAGACAAAAT,,NC_044373.1,91382208,+,M_9687
Angiosperms_1221,Itinctoria,Itinctoria-Itinctoria-Isati.0098s0018,4287,+,0,ATCATAGTAGTTTTTTAGAAAGAAAAAAAT,,Isat_scaffold98,167803,-,M_707345
Angiosperms_1221,Ganomalum,Ganomalum-Ganomalum-KAG8485473,17006,-,12,CATATTTTTAGACAAAAT,,CM033491.1,10624216,+,M_17102
Angiosperms_1221,Ayangbiense,Ayangbiense-Ayangbiense-TXG63793,1732,+,0,AACACTTGTACTCATTTATAAAGACAAAGT,,CM017764.1,17642658,+,M_5552
Angiosperms_1221,Rrubrinervis,Rrubrinervis-Rrubrinervis-KAF3436179,1449,+,0,ATATCTTGTATTCATATATGTAGACAAAGT,,CM017575.2,14659942,-,M_1998
Angiosperms_1221,Jregia,Jregia-Jregia-Jr10_24020,1630,+,0,TTTTTCTAGTCATATGTGCACAGACAAAAT,,Chr10,35624388,+,M_17487
Angiosperms_1221,Cmoschata,Cmoschata-Cmoschata-CmoCh02G018000,272,-,0,TAAGTTTGTATTGACACAACCAACCAAAGT,,Cmo_Chr02,10226542,+,M_1255
Angiosperms_1221,Zjujuba,Zjujuba-Zjujuba-XP_015891463,1570,+,0,TGATTTTGTATTCGTTTATGTAGACAATGT,,NC_063295.1,4351998,+,M_15228
Angiosperms_1221,Cannum,Cannum-Cannuumglabriusculum-Capang06g000108,1016,+,19,TCAGACAAAAT,,Chr06,1731125,+,M_104972
Angiosperms_1221,Spurpurea,Spurpurea-Spurpurea-Sapur.002G031500,1463,+,0,TGCCCTTGTGTCCATGTATGTAGACAACGT,,Chr02,2186312,-,M_1395
Angiosperms_1221,Stuberosum,Stuberosum-Stuberosum-PGSC0003DMT400025135,3304,+,2,CACCTGTATTCGAATTTTTAGACAACTT,,PGSC0003DMB000000130,663674,+,M_157446
Angiosperms_1221,Cclementina,Cclementina-Cclementina.fixed-Ccle_XP_006443871,877,+,0,AAGGCTTGTACTCACTCATACAGACAAAGT,,NW_006262339.1,43586148,-,M_12147
Angiosperms_1221,Garidum,Garidum-Garidum-MBA0679488,1168,+,3,CCTTGTATCCATACTTTTAGACAAAAT,,CM025183.1,6706652,-,M_3935
Angiosperms_1221,Salba,Salba-Salba-Sialb.0064s0236,589,+,1,TAAATAGTAGTGGTCTTATTAGACAAAAT,,scaffold_64,404913,-,M_416372
Angiosperms_1221,Salba,Salba-Salba-Sialb.0064s0236,613,-,18,CATGGGGGATTG,,scaffold_64,404942,-,M_416373
Angiosperms_1221,Aalpina,Aalpina-Aalpina-Aa_G754810,3114,-,1,AAGATTGCATACAATTTAGGGAACATATT,,Aa.chr4,19796980,+,M_147252
Angiosperms_1221,Psalicina,Psalicina-Psalicina-Psal.Chr8.2337,1605,+,0,TGATTTTGTATTCCTATATATAGACAAAGT,,Chr8,25057897,-,M_14169
Angiosperms_1221,BrapaFPsc,BrapaFPsc-BrapaFPsc-Brara.E00288,1215,-,17,TAGGGGACATTTT,,A05,1553431,+,M_135353
Angiosperms_1221,Slycoperscoides,Slycoperscoides-Slycoperscoides06-Solyd09g065830,3536,+,21,AGACAACTT,,SLYD0.6ch09,99459652,+,M_445013
Angiosperms_1221,Peuphratica,Peuphratica-Peuphratica-Peup_011028776,813,+,0,TGACCTTGTATCCATATATGTAGACAAAGT,,NW_011499878.1,232884,+,M_8532
Angiosperms_1221,Rcommunis,Rcommunis-Rcommunis-XP_002521022,1543,+,1,ACCATTGTCTTCATAAAATTAGACAAAGT,,NC_063256.1,5513968,-,M_818
Angiosperms_1221,Garboreum,Garboreum-Garboreum.fixed-Garb11G2690,2563,-,0,GGGTTTTGCATTCAATCAAGGGAACATTTT,,Chr11,109218103,-,M_32236
Angiosperms_1221,Spurpurea,Spurpurea-Spurpurea-Sapur.005G176300,1172,+,0,CGACCTTGTATCCGTTTATGTAGACAAAGT,,Chr05,15957047,+,M_5910
Angiosperms_1221,Pferganensis,Pferganensis-Pferganensis-Pfer.scaffold_437.4,1478,+,1,GATTTTGTATTCCTATATATAGACAAAGT,,scaffold_437,25907,-,M_10713
Angiosperms_1221,Cargyrosperma,Cargyrosperma-Cargyrosperma-Carg08972,279,-,0,TAAGTTTGTATTGACACAACCAACCAAAGT,,Cucurbita_argyrosperma_scaffold_020,1033489,+,M_2279
Angiosperms_1221,Tarvense,Tarvense-Tarvense-Thlar.0021s0519,1099,+,1,TAGTGGTAACGGGTATTTTCAGACAAAAG,,Thla_scaffold21,1875380,-,M_116826
Angiosperms_1221,MtrunA17r5,MtrunA17r5-MtrunA17r5-MtrunA17Chr7g0260971,2633,-,3,TTATGCATTCAATCCAGGAGACACTTT,,MtrunA17Chr7,45604182,+,M_218992
Angiosperms_1221,Pfortunei,Pfortunei-Pfortunei-KAI3460947,3315,+,20,TAGACCAAAT,,CM033116.1,1695627,+,M_12125
Angiosperms_1221,Hcannabinus,Hcannabinus-Hcannabinus-GWHPACDB044759,1272,-,0,GGGTTTTGCATTCAATCAGGGGGACATTTT,,GWHACDB00000005,53164488,-,M_2383
Angiosperms_1221,Cgrandiflora,Cgrandiflora-Cgrandiflora-Cagra.0686s0035,404,+,20,AGACAAAATG,,Scaffold686,130057,+,M_196318
Angiosperms_1221,Ghirsutum,Ghirsutum-Ghirsutum.fixed-Ghir_XP_016709314,2539,-,0,GGGTTTTGCATTCAATCAAGGGAACATTTT,,NC_030099.1,3987736,-,M_38642
Angiosperms_1221,Pvulgaris,Pvulgaris-Pvulgaris-Phvul.001G159300,1238,+,0,ATGATTTTGTATAGTACAAGTAGACAAAGT,,Chr01,41197499,+,M_20000
Angiosperms_1221,Gstocksii,Gstocksii-Gstocksii-KAH1108242,1118,+,3,CCTTGTATTCATATTTTTAGACAAAAT,,CM035623.1,12595868,-,M_7812
Angiosperms_1221,Mindica,Mindica-Mindica-XP_044504109,826,-,0,GTCCACTGCATTCAATCAGGGGGACATTTT,,NC_058144.1,6003630,-,M_11225
Angiosperms_1221,Petunia,Petunia-Paxillaris-Peaxi162Scf00134g01213,2063,+,21,AGACAGCTT,,Peaxi162Scf00134,1210904,-,M_50954
Angiosperms_1221,Shermonthica,Shermonthica-Shermonthica-CAA0823242,18616,+,1,ACTTTTGTACTCAAATTTCTAGACCAAAT,,CACSLK010024540.1,2082685,+,M_5218
Angiosperms_1221,Gsoja,Gsoja-Gsoja-GlysoPI483463.10G032100,1558,+,0,TGATTTTGTATACATATGAGTAGACACAGT,,glyso.PI483463.gnm1.Gs10,3177098,+,M_400660
Angiosperms_1221,Tspeciosissima,Tspeciosissima-Tspeciosissima-XP_043711820,908,+,1,GAAGTTGTAATCACTTAAATAGACAAAAT,,NC_057916.1,30762668,-,M_429
Angiosperms_1221,Hannuus,Hannuus-Hannuus-XP_021984895,769,+,3,CTTTGTACTCCTACAGACAGACAAAAT,,NC_035442.2,12627843,-,M_123025
Angiosperms_1221,Ptremuloides,Ptremuloides-Ptremuloides-Potrs000237g00343,827,+,0,TGACCTTGTATCCATATATGTAGACAAAGT,,Potrs000237,23500,-,M_236
Angiosperms_1221,Bstricta,Bstricta-Bstricta-Bostr.20903s0069,3622,+,1,TAGTGATATTTGGTATTTTTAGACAAAAT,,Scaffold20903,324559,+,M_107646
Angiosperms_1221,Mindica,Mindica-Mindica-XP_044494816,819,-,3,CATTGCATTCAATCAAGGGGACACTTT,,NC_058141.1,13926451,+,M_7373
Angiosperms_1221,Ddrummondii,Ddrummondii-Ddrummondii-Drydr327S20494,1204,+,0,TGATTTTGTATTCCTATATATAGACAAAGT,,scaffold327,426830,-,M_7628
Angiosperms_1221,Rislandica,Rislandica-Rislandica-Roisl.0028s0371,1565,-,1,AAGATTGTATACAATTTAGGGGACATTTT,,Rori_scaffold28,1451856,-,M_153454
Angiosperms_1221,Ccitriodora,Ccitriodora-Ccitriodora-KAF8006396,1546,+,0,CCTCTCTGTATTCATATTAAAAGACCAAAT,,CM026420.1,6578775,-,M_10006
Angiosperms_1221,Ghirsutum,Ghirsutum-Ghirsutum.fixed-Ghir_XP_016709320,5488,-,0,GGGTTTCGCATTCAATCAAGGGAACATTTT,,NC_030099.1,1047342,+,M_38481
Angiosperms_1221,Evesicaria,Evesicaria-Evesicaria-Eruve.1596s0002,1532,-,2,AGATTGCATACAATTTAGGGGACATTTT,,Eruc_scaffold1596,11474,+,M_84068
Angiosperms_1221,Cgrandis,Cgrandis-Cgrandis-Cg5g034240,878,+,0,AAGGCTTGTACTCACTCATACAGACAAAGT,,chr5,41994434,-,M_8303
Angiosperms_1221,Cillinoinensis,Cillinoinensis-Cillinoinensis-CIL1130S0090,1184,+,0,TTTTCATGTAGTCATATGTGCAGACAAAAT,,scaffold86792,1031995,-,M_22750
Angiosperms_1221,Ptomentosa,Ptomentosa-Ptomentosa-KAG6774575,1184,+,0,TGAGCTTGTTTCCATATATGTAGACAAAGT,,CM031977.1,17901546,+,M_14708
Angiosperms_1221,Gsoja,Gsoja-Gsoja_F-GsF4916160,1197,+,0,TGATTTTGTATTCGTAAATGTAGACAAAGT,,CM024986.1,43085919,+,M_247676
Angiosperms_1221,Ecanadensis,Ecanadensis-Ecanadensis-XP_043611092,2861,+,2,CCTTTTAAAGTAAATAAATCGACAAAAT,,NC_057769.1,6755836,-,M_37358
Angiosperms_1221,Evesicaria,Evesicaria-Evesicaria-Eruve.1036s0008,1071,-,1,AAGATGGCATACAGGTTAGGGGACACTTT,,Eruc_scaffold1036,55713,-,M_7683
Angiosperms_1221,Stuberosum,Stuberosum-Stuberosum_Hap2-KAH0750291,-46187,-,22,GACAAAAT,,CM034993.1,57094169,+,M_267200
Angiosperms_1221,Aalpina,Aalpina-Aalpina-Aa_G98490,1204,+,2,TAGTGGTATTGGTATTTTTAGACAAAAT,,Aa.chr5,18662359,+,M_184215
Angiosperms_1221,Gsoja,Gsoja-Gsoja-GlysoPI483463.19G126900,1194,+,0,TGATTTTGTATTCGTAAATGTAGACAAAGT,,glyso.PI483463.gnm1.Gs19,41610621,+,M_786646
Angiosperms_1221,Gbarbadense,Gbarbadense-Gbarbadense-KAB2056943,2513,-,0,GGGTTTTGCATTCAATCAAGAGAACATTTT,,CM018212.1,14430623,+,M_22607
Angiosperms_1221,Gtomentosum,Gtomentosum-Gtomentosum.fixed-Gtom_TYH57234,1135,+,3,CCTTGTATCCATACTTTTAGACAAAAT,,CM017630.1,8548877,-,M_43050
Angiosperms_1221,Glaxum,Glaxum-Glaxum.fixed-Glax_MBA0715298,3046,-,0,GGGTTTTGGATTCAATCAAGGGAACATTTT,,CM025264.1,10669966,+,M_9099
Angiosperms_1221,Gaustrale,Gaustrale-Gaustrale-KAA3471221,1176,+,3,TTGTGTATTCATATTTTTAGACAAAAT,,CM016621.1,131266087,+,M_18181
Angiosperms_1221,Salba,Salba-Salba-Sialb.0012s0544,1764,-,1,AAGATTGCATGCAATTTGGGGGACATATT,,scaffold_12,1138701,-,M_54246
Angiosperms_1221,Sindicum,Sindicum-Sindicum-XP_011080023,1274,+,0,ACGACCTGTACTCAAATACATAGACCGTCT,,NC_026150.1,2335721,+,M_4582
Angiosperms_1221,Gstocksii,Gstocksii-Gstocksii-KAH1081421,2352,+,0,TGTCCTTGTATTCATATTGATAGACAAAAT,,CM035626.1,15778662,+,M_16759
Angiosperms_1221,Vunguiculata,Vunguiculata-Vunguiculata_469-Vigun01g141300,1106,+,0,TGATTTTGTATTC,,Vu01,32221159,+,M_12661
Angiosperms_1221,Vunguiculata,Vunguiculata-Vunguiculata_469-Vigun01g141300,1122,+,14,TACAAGTAGACAAAGT,,Vu01,32221173,+,M_12662
Angiosperms_1221,Bstricta,Bstricta-Bstricta-Bostr.25993s0538,1414,-,1,AAGATTGCATACAATTTAGGGGACATTTT,,Scaffold25993,2642437,-,M_167139
Angiosperms_1221,Sindicum,Sindicum-Sindicum-XP_011083017,2255,+,1,ACCTTTGTACTCATATATACAGACCAAAT,,NC_026150.1,23630864,+,M_5425
Angiosperms_1221,GmaxWm82,GmaxWm82-GmaxWm82-GmISU01.13G093400,1502,+,0,TGATTTTGTATACATATGAGTAGACACTGT,,Gm13,23331225,+,M_559395
Angiosperms_1221,Stora,Stora-Stora-Stor7818406,2036,+,0,TCATTTTGTATTCATACAACTAGACAATGT,,CM026267.1,4291161,+,M_27822
Angiosperms_1221,Parmeniaca,Parmeniaca-Parmeniaca_Stella-PruarS.8G327700.t1.p1,1533,+,0,TGATTTTGTATTCCTATATATAGACAAAGT,,chr8,17586791,-,M_9582
Angiosperms_1221,Cillinoinensis,Cillinoinensis-Cillinoinensis-CIL0917S0035,1316,+,0,TGATTTTGTTTTCATATATGTAGACAAAAT,,scaffold70349,627054,+,M_12506
Angiosperms_1221,Parmeniaca,Parmeniaca-Parmeniaca_Marouch-PruarM.8G322000.t1.p1,1581,+,0,TGATTTTGTATTCCTATATATAGACAAAGT,,chr8,17660634,-,M_9356
Angiosperms_1221,BrapaFPsc,BrapaFPsc-BrapaFPsc-Brara.D02577,1272,-,1,AAGATTGCATGCAATTGAGGGGACATTTT,,A04,20019666,+,M_128672
Angiosperms_1221,Gbarbadense,Gbarbadense-Gbarbadense-KAB2003573,5463,-,0,GGGTTTCGCATTCAATCAATGGAACATTTT,,CM018225.1,12471562,+,M_48471
Angiosperms_1221,Mesculenta,Mesculenta-Mesculenta-XP_021614317,698,+,0,AAGTTTTGTATTGATAAAAATGGACAAAGT,,NC_035165.2,7930847,+,M_11348
Angiosperms_1221,Smelongena,Smelongena-Smelongena_V4.1-SMEL4.1_06g030020,1103,+,5,TTGTACTCAAATTGTCAGACAAAAT,,6,96115677,-,M_264105
Angiosperms_1221,Csinensis,Csinensis-Csinensis-Cs5g30060,877,+,0,AAGGCTTGTACTCACTCATACAGACAAAGT,,chr5,31992839,-,M_6350
Angiosperms_1221,Ahypochondriacus,Ahypochondriacus-Ahypochondriacus-AH007591,12785,-,0,TAAATTTGGTGTAATAGAGATAGACAAATT,,Scaffold_4,20613468,+,M_3590
Angiosperms_1221,Vangularis,Vangularis-Vangularis_Gyeongwon-Vang06g16450,2129,+,0,TGATTTTGTATACATATAAGTAGACAGAGT,,vigan.Gyeongwon.gnm3.Va06,19861880,-,M_49395
Angiosperms_1221,Gdarwinii,Gdarwinii-Gdarwinii.fixed-Gdar_TYG45104,5489,-,0,GGATTTCGCATTCAATCAATGGAACATTTT,,CM017711.1,12741040,+,M_50339
Angiosperms_1221,Evesicaria,Evesicaria-Evesicaria-Eruve.2862s0002,1066,-,1,AAGATGGCATACAGGTTAGGGGACACTTT,,Eruc_scaffold2862,9158,-,M_209446
Angiosperms_1221,Bhispida,Bhispida-Bhispida-Bhi05M000166,1634,+,0,TAATTTTGTATTCACACAACCAAGCAAAGT,,chr5,4614157,-,M_9097
Angiosperms_1221,Camplexicaulis,Camplexicaulis-Camplexicaulis-Caamp.0095s0472,985,+,3,AGTTATAGTAGTATTTTTAGACAAAAT,,Caul_scaffold95,2740219,-,M_512021
Angiosperms_1221,Plunatus,Plunatus-Plunatus-Pl01G0000304400,1188,+,0,ATGATTTTGTATAGTACAAGTAGACAAAGT,,Pl01,37306441,+,M_18986
Angiosperms_1221,Psativum,Psativum-Psativum-Psat3g059000,1347,+,0,GATTTTTGTATTCATACACATTAACAAAGT,,pissa.Cameor.gnm1.chr3LG5,124037423,-,M_39260
Angiosperms_1221,Hsyriacus,Hsyriacus-Hsyriacus-KAE8681783,3156,-,0,TTGCCTTGTATTCATATTTATAGACAAACT,,VEPZ02001301.1,1176149,+,M_34321
Angiosperms_1221,Iamara,Iamara-Iamara-Ibeam.0274s0008,6800,-,17,TAGGGGACACTTT,,Iber_scaffold274,69895,-,M_86100
Angiosperms_1221,Cendivia,Cendivia-Cendivia-KAI3526630,4339,+,18,ATTGGACAAAAT,,CM041818.1,103099087,-,M_16452
Angiosperms_1221,Smelongena,Smelongena-Smelongena-SMEL_006g270320,1065,+,12,CAAATTGTCAGACAAAAT,,SMEL3Ch06,108284728,-,M_209700
Angiosperms_1221,Globatum,Globatum-Globatum.fixed-Glob_MBA0560339,2535,-,0,GGGTTTTGCATTCAATCAAGGGAACATTTT,,CM025277.1,10126416,+,M_9118
Angiosperms_1221,Ejaponica,Ejaponica-Ejaponica-EVM0015535,1494,+,0,TGATTTTGTATTCCTATATATAGACAAAGT,,LG1,14154149,+,M_2574
Angiosperms_1221,Aduranensis,Aduranensis-Aduranensis-Aradu.I83P6,943,+,0,TGATTTTGTATTCATAGAAGTAGACAAAGT,,aradu.V14167.gnm1.Aradu.A02,12430473,+,M_10730
Angiosperms_1221,Gsoja,Gsoja-Gsoja-GlysoPI483463.03G126100,1188,+,0,TGATTTTGTAATC,,glyso.PI483463.gnm1.Gs03,39114324,+,M_106166
Angiosperms_1221,Gsoja,Gsoja-Gsoja-GlysoPI483463.03G126100,1203,+,14,TACAAGTAGACAAAGT,,glyso.PI483463.gnm1.Gs03,39114338,+,M_106167
Angiosperms_1221,Cannum,Cannum-Cbaccatum-PHT46568,889,+,12,TGAATTCTCAGACAAAAT,,CM008448.1,244865338,-,M_83048
Angiosperms_1221,Cpepo,Cpepo-Cpepo-Cp4.1LG15g00690,797,-,3,TGATGCATTCAATCAAGGGGACACTTT,,Cp4.1LG15,498556,+,M_8503
Angiosperms_1221,Spinnata,Spinnata-Spinnata-Stapi.3908s0003,3212,-,1,AAGATTGCATGCAATTTAGGGGACATTTT,,Stan_scaffold3908,24203,+,M_141245
Angiosperms_1221,Schacoense,Schacoense-Schacoense-g15531,3245,+,12,CGAATTTTTAGACAACTT,,Chr09,23419414,-,M_378205
Angiosperms_1221,Inil,Inil-Inil-XP_019178373,5671,+,9,GGTGGATTAGATAGACAAAAT,,NW_017616910.1,442414,+,M_2421
Angiosperms_1221,Inil,Inil-Inil-XP_019165067,1385,-,0,CCAATTTGCACTCAATCAAGGGGGCATTTT,,NW_017616730.1,1448651,+,M_1371
Angiosperms_1221,Gtomentosum,Gtomentosum-Gtomentosum.fixed-Gtom_TYH43722,6530,+,0,GGGTTTCGCATTCAATCAAGGGAACATTTT,,CM017633.1,12633437,-,M_49214
Angiosperms_1221,Pacutifolius,Pacutifolius-PacutifoliusWLD-Phacu.WLD.007G219100,1729,+,0,TGATTTTGTACACAAATAAGTAGACAGAAT,,Chr07,31942797,+,M_240419
Angiosperms_1221,Jregia,Jregia-Jregia-Jr01_31780,1101,+,0,TGATTTTGTTTTCATATATGTAGACAAAAC,,Chr01,42789144,+,M_2293
Angiosperms_1221,Stuberosum,Stuberosum-Stuberosum-PGSC0003DMT400051686,-40315,+,19,TCAGACAAAAT,,PGSC0003DMB000000150,740491,-,M_174895
Angiosperms_1221,Mdomestica,Mdomestica-Mdomestica-HF30064,1107,+,0,TGATTTTGTATTCCTATATATAGACAAAGT,,Chr10,29551325,-,M_13800
Angiosperms_1221,Boleraceacapitata,Boleraceacapitata-Boleraceacapitata-Bol004828,1828,-,1,AAGCTTGCATACAATTTAGGGAACATTTT,,C04,1053385,+,M_103166
Angiosperms_1221,Ccathayensis,Ccathayensis-Ccathayensis-CCA1704S0007,1301,+,0,TTTTCATGTAGTCATATGTGCAGACAAAAT,,scaffold68726,165934,+,M_28379
Angiosperms_1221,Smelongena,Smelongena-Smelongena_V4.1-SMEL4.1_09g016360,2906,+,21,AGACAACTT,,9,78803193,+,M_328262
Angiosperms_1221,Lsativum,Lsativum-Lsativum-Lesat.0064s0015,1862,+,4,AGTGGTTTTGGTATTTTTGACGAAAT,,Lepi_scaffold64,205403,-,M_325892
Angiosperms_1221,Mintegrifolia,Mintegrifolia-Mintegrifolia-XP_042494664,916,+,1,GAACTTGTAATCAGTTAAATAGACAAAAT,,NC_056559.1,25890307,-,M_835
Angiosperms_1221,Csativus,Csativus-Csativus_9930-CsaV3_3G022590,1180,+,0,TTATTTTGTATTCACACAACCAAGCAATGT,,chr3,20012866,-,M_2589
Angiosperms_1221,Camericana,Camericana-Camericana-Calam.06G193200,2604,+,1,AACCTTGTACTCAAATATATAGACCAAAT,,Chr06,22580074,+,M_8877
Angiosperms_1221,Cviolacea,Cviolacea-Cviolacea-Clevi.0009s1407,5399,+,7,GTATTGGTATTATTAGACAAAAT,,scaffold_9,3464593,+,M_41464
Angiosperms_1221,Cviolacea,Cviolacea-Cviolacea-Clevi.0009s1408,2125,-,2,AAGTTGCATGCAATTTAGGGGACATTTT,,scaffold_9,3464611,+,M_41465
Angiosperms_1221,Vvinifera,Vvinifera-Vvinifera-VIT_207s0005g03030,613,+,1,GGGCTTGTATGCAAATGAATGGACAAAAT,,chr7,5846090,-,M_14075
Angiosperms_1221,Mdomestica,Mdomestica-Mdomestica-HF11119,1532,-,0,GGTTTGTGCATTCAATCAAGGGGACACTTT,,Chr05,33054731,-,M_6962
Angiosperms_1221,Sparvula,Sparvula-Sparvula-Sp4g24570,1621,-,1,AAGATTGCATACAATTTAGGGGACATTTT,,ch4-6,6379530,+,M_135509
Angiosperms_1221,Oeuropaea,Oeuropaea-Oeuropaea-XP_022872991,1405,-,1,GAAATTGTACTAAAAAAGATAGACCAAAT,,NW_019267031.1,18364,-,M_19259
Angiosperms_1221,Cmaritima,Cmaritima-Cmaritima-Camar.10118s0001,3657,+,3,AGTTGTAGTGGTCCTATTAGTCTAAGT,,Caki_scaffold10118,2850,-,M_3661
Angiosperms_1221,Cmaritima,Cmaritima-Cmaritima-Camar.10118s0001,3659,-,18,TATGGGGGATTG,,Caki_scaffold10118,2877,-,M_3662
Angiosperms_1221,Bvulgaris,Bvulgaris-Bvulgaris-XP_010679216,2781,+,0,CACATTTGTTGACATATAGATGGACTAATT,,NC_025816.2,50581908,+,M_2656
Angiosperms_1221,Ptomentosa,Ptomentosa-Ptomentosa-KAG6785818,829,+,0,TGACCTTGTATCCATATATGTAGACAAAGT,,CM031970.1,2658897,-,M_4562
Angiosperms_1221,Sgrosvenorii,Sgrosvenorii-Sgrosvenorii.fixed-tig00002854.82,844,+,0,TAATTTCGTATTGTCACAAGCAAGCAAAGT,,tig00002854,791682,-,M_2703
Angiosperms_1221,Cendivia,Cendivia-Cendivia-KAI3506851,4959,-,0,AGACTTTGTCCTCAAATACATAGACAAAAT,,CM041822.1,5496300,-,M_64173
Angiosperms_1221,Chispanica,Chispanica-Chispanica-Crahi.0087s0077,1467,-,1,AAGATTGCACACAACTTAGGGGACATTTT,,Cram_scaffold87,599665,+,M_305273
Angiosperms_1221,Sdunnii,Sdunnii-Sdunnii-Sdun9686866,801,+,0,TGCCCTTGTATCCATATATGTAGACAAAGT,,CM027660.1,2478667,-,M_1209
Angiosperms_1221,Hsyriacus,Hsyriacus-Hsyriacus-KAE8696934,1104,+,0,CAGTAAAGTATTCATATTTTTAGACAAAAT,,VEPZ02001057.1,2098487,-,M_25000
Angiosperms_1221,Aannua,Aannua-Aannua-PWA51353,2991,+,1,GATCTTGTACTCAAATACTTAGACAAAAT,,PKPP01008184.1,30036,-,M_43489
Angiosperms_1221,Twilfordii,Twilfordii-Twilfordii-XP_038712892,4127,-,0,TGTTGTCGTATTCAAATCAAAAGACAAGGT,,NC_052241.1,10549972,-,M_8186
Angiosperms_1221,Stuberosum,Stuberosum-Stuberosum_Hap2-KAH0738576,3277,+,12,CGAATTTTTAGACAACTT,,CM034996.1,53931964,+,M_344501
Angiosperms_1221,Spinnata,Spinnata-Spinnata-Stapi.1728s0012,1765,-,1,AAGATTGCATACAATTTAGGGGACATTTT,,Stan_scaffold1728,91814,+,M_56256
Angiosperms_1221,Pbetulifolia,Pbetulifolia-Pbetulifolia-GWHPAAYT057114,1623,-,0,GGTTTGTGCATTCAATCAAGGGGACACTTT,,GWHAAYT00000094,25649,-,M_23848
Angiosperms_1221,Ceugenioides,Ceugenioides-Ceugenioides-XP_027152305,1491,+,1,AACCCTGTTCTCAAATTGACAGACAAAGT,,NC_040035.1,47866610,+,M_1036
Angiosperms_1221,Evesicaria,Evesicaria-Evesicaria-Eruve.2208s0016,1330,-,1,AAGATTGCATGCAATTTAGGGGACATTTT,,Eruc_scaffold2208,79333,-,M_150704
Angiosperms_1221,Camericana,Camericana-Camericana-Calam.08G076900,1770,+,0,ACCAAATGTACTCAAATATATAGACCATAT,,Chr08,7291338,+,M_11175
Angiosperms_1221,Camsinensis,Camsinensis-Camsinensis-KAF5930481,11459,-,0,TGATGTTGTAGGCAGATTGATAGACAAAAT,,CM025510.1,48964871,+,M_36636
Angiosperms_1221,Aprecatorius,Aprecatorius-Aprecatorius-Aprec_027352961,1142,+,0,TGATTTTGTATTCATACAAATAGACAAAGT,,NW_020874373.1,142807,+,M_106133
Angiosperms_1221,Ahypogaea,Ahypogaea-Ahypogaea_Shitouqi-QHO23194,1805,+,0,TGATTTTGTATTCATAGAAGTAGACAAAGT,,CP030994.1,16330976,+,M_53343
Angiosperms_1221,Ssonchifolius,Ssonchifolius-Ssonchifolius-KAI3760160,1186,+,0,CGACCTTGTAGTCCTATACATAGACAAAAT,,CM042034.1,3468811,+,M_151320
Angiosperms_1221,Ptrifoliata,Ptrifoliata-Ptrifoliata-Pt3g030980,877,+,0,AAGGCTTGTACTCACTCATACAGACAAAGT,,chr3,36479657,-,M_5394
Angiosperms_1221,Dzibethinus,Dzibethinus-Dzibethinus.fixed-Dzib_XP_022771240,1754,+,20,TACACAAAAT,,NW_019167938.1,6012829,+,M_14787
Angiosperms_1221,Crubella,Crubella-Crubella-Carub.0005s2504,407,+,20,TAGACAAAAT,,scaffold_5,11839251,+,M_161540
Angiosperms_1221,Gsoja,Gsoja-Gsoja_F-GsF5043577,1219,+,0,TGATTTTGTAATCGTACAAGTAGACAAAGT,,CM024970.1,40478814,+,M_34055
Angiosperms_1221,Pbetulifolia,Pbetulifolia-Pbetulifolia-GWHPAAYT004569,1126,+,0,TGATTTTGTATTCCTATATATAGACAAAGT,,GWHAAYT00000010,23143358,-,M_11434
Angiosperms_1221,Ptomentosa,Ptomentosa-Ptomentosa-KAG6783827,837,+,0,TGACCTTGTATCCATATATGTAGACAAAGT,,CM031971.1,2597181,-,M_6381
Angiosperms_1221,Esalsugineum,Esalsugineum-Esalsugineum-Thhalv10006423m,813,+,3,AATGGTGTTGAGATTTTTAGACAAAAT,,scaffold_19,1831069,-,M_114298
Angiosperms_1221,Petunia,Petunia-Pinflata-Peinf101Scf08590g00012,1390,+,1,GCCCTTGTATTCGAATTCTCAGACAAAAT,,Peinf101Scf08590,23188,+,M_142097
Angiosperms_1221,Mperfoliatum,Mperfoliatum-Mperfoliatum-Myper.0005s0615,1079,+,16,AGAAAGAAAAAAAT,,scaffold_5,1670960,-,M_222253
Angiosperms_1221,Salba,Salba-Salba-Sialb.0173s0071,1258,-,1,AAGATTGCATGCAATTTAGGGGACATATT,,scaffold_173,252998,-,M_125015
Angiosperms_1221,Bvariegata,Bvariegata-Bvariegata-KAI4349413,1034,+,0,TGATTTTGTATTCTAACATGTAGACAATGT,,CM039429.1,24130163,-,M_21784
Angiosperms_1221,Tcacao,Tcacao-Tcacao.fixed-Tca_XP_007050346,1266,+,0,TGGCCTTGTATCCTTATTTATAGACAAAAT,,NC_030850.1,27853727,-,M_2076
Angiosperms_1221,Cmaritima,Cmaritima-Cmaritima-Camar.0112s0033,2170,-,1,AAGATTGCATTCAATTTGGGGGACATTTT,,Caki_scaffold112,171162,+,M_16284
Angiosperms_1221,Vradiata,Vradiata-Vradiata-Vradi03g01480,1152,+,0,TGATTTTGTATTCGTACAAGTAGACACAGT,,vigra.VC1973A.gnm6.Vr03,1979481,+,M_42778
Angiosperms_1221,Graimondii.fixed,Graimondii.fixed-Graimondii.fixed-Graim_XP_012473810,1174,+,3,CCTTGTATCCATACTTTTAGACAAAAT,,NC_026932.1,8039201,-,M_5782
Angiosperms_1221,Vangularis,Vangularis-Vangularis_Shumari-Vigan.04G307600,1156,+,0,TGATTTTGTATTC,,vigan.Shumari.gnm1.Chr04,43059407,+,M_103657
Angiosperms_1221,Ptrichocarpa,Ptrichocarpa-Ptrichocarpa-Ptri_002302057,828,+,0,TGACCTTGTATCCATATATGTAGACAATGT,,NC_037286.1,2629668,-,M_3074
Angiosperms_1221,Ahalleri,Ahalleri-Ahalleri-Araha.3845s0002,480,+,8,TATTGGTATTTATAGACATAAT,,Scaffold3845,10717,-,M_144649
Angiosperms_1221,Dcarota,Dcarota-Dcarota-DCAR_002680,2491,-,1,GTCTCTGTACTCAAATCAATAGACAAAGT,,DCARv2_Chr1,31811201,-,M_768
Angiosperms_1221,Hcannabinus,Hcannabinus-Hcannabinus-GWHPACDB023542,779,+,20,TAGACAAAAT,,GWHACDB00000002,44636820,+,M_886
Angiosperms_1221,Ssuberectus,Ssuberectus-Ssuberectus-TKY52721,2443,+,0,TGATTTTGTATACACATAAGTGGACAAAGT,,CM014735.1,43270331,+,M_365032
Angiosperms_1221,Vriparia,Vriparia-Vriparia-XP_034691847,609,+,0,TGGGTTTGTATGCAAATGAATGGACAAAAT,,NC_048437.1,24665360,+,M_6871
Angiosperms_1221,pgrisea,pgrisea-Phygri1.3.fixed-Phygri06g014100,688,+,21,AGACAAAAT,,chr6,12788334,-,M_317665
Angiosperms_1221,Ppersica,Ppersica-Ppersica-Pper.007199359,1503,-,0,CAGCTGTGCATTCAATCAAGGGGACACTTT,,NC_034016.1,20390093,-,M_18216
Angiosperms_1221,Ecanadensis,Ecanadensis-Ecanadensis-XP_043637719,2243,+,0,CGGTCTTGTACTCAAATATATAGACAAAAT,,NC_057767.1,34181285,-,M_30149
Angiosperms_1221,Boleraceacapitata,Boleraceacapitata-Boleraceacapitata-Bol020519,3762,-,1,AAGATGGCATACAATTTAGGGGACACTTT,,C03,12280660,+,M_76042
Angiosperms_1221,Pdulcis,Pdulcis-Pdulcis-Pdul.034229127,1501,-,0,CAGCTGTGCATTCAATCAAGGGGACACTTT,,NC_047657.1,18246484,-,M_18024
Angiosperms_1221,Cichangensis,Cichangensis-Cichangensis-Ci027340,877,+,0,AAGGCTTGTACTCACTCATACAGACAAAGT,,scaffold_12,903441,-,M_1199
Angiosperms_1221,BrapaFPsc,BrapaFPsc-BrapaFPsc-Brara.C02153,1173,-,1,AAGATGGCATACAATTTAGGGGACACTTT,,A03,10787788,+,M_88950
Angiosperms_1221,Cintybus,Cintybus-Cintybus-KAI3787814,5512,+,18,ATTGGACAAAAT,,CM042009.1,4708819,+,M_1148
Angiosperms_1221,Mmaritima,Mmaritima-Mmaritima-Mamar.0022s0213,1314,-,1,AAGACTGCATACAATTTGGGGGACACCTT,,Malc_scaffold22,760211,+,M_97457
Angiosperms_1221,Aprecatorius,Aprecatorius-Aprecatorius-Aprec_027368069,1063,+,0,TGAATTTGTATGCATACAAATAGACAAAGT,,NW_020874417.1,2601465,+,M_216144
Angiosperms_1221,Salba,Salba-Salba-Sialb.1471s0015,589,+,1,TAAATAGTAGTGGTCTTATTAGACAAAAT,,scaffold_1471,54053,-,M_101078
Angiosperms_1221,Salba,Salba-Salba-Sialb.1471s0015,613,-,18,CATGGGGGATTG,,scaffold_1471,54082,-,M_101079
Angiosperms_1221,Ptrichocarpa,Ptrichocarpa-Ptrichocarpa-Ptri_002306833,1147,+,0,TGACCTTGTTTCCATATATGTAGACAAAGT,,NC_037289.1,23317181,+,M_8933
Angiosperms_1221,Chispanica,Chispanica-Chispanica-Crahi.0326s0022,1100,-,1,AAGATGGCATACAATTGAGGGGACACTTT,,Cram_scaffold326,204253,-,M_164591
Angiosperms_1221,Glaxum,Glaxum-Glaxum.fixed-Glax_MBA0708769,2264,-,3,CCTTGTATCCATACTTTTAGACAAAAT,,CM025261.1,7753271,+,M_4252
Angiosperms_1221,Aannua,Aannua-Aannua-PWA60231,7015,+,15,ATAAATCGACAAAAT,,PKPP01005411.1,66029,-,M_36570
Angiosperms_1221,Pilicifolia,Pilicifolia-Pilicifolia-GWHPABKR011927,1379,+,0,TGACCTTGTTTCCATATGCGTAGACAAAGT,,GWHABKR00000005,21145684,+,M_7805
Angiosperms_1221,Vangularis,Vangularis-Vangularis_LXD-LXD2405885,1172,+,0,TGATTTTGTATTCGTACAAGTAGACAAAGT,,CM028986.1,41821051,+,M_55236
Angiosperms_1221,Gschwendimanii,Gschwendimanii-Gschwendimanii.fixed-Gsch_MBA0852673,1220,+,3,CCTTGTATCCATACTTTTAGACAAAAT,,CM025248.1,6267978,-,M_4277
Angiosperms_1221,Pfortunei,Pfortunei-Pfortunei-KAI3449747,1950,+,7,GTAGTCATATTTATAGACCATAT,,CM033109.1,2965862,+,M_4167
Angiosperms_1221,Psalicina,Psalicina-Psalicina-Psal.Chr8.2362,1621,+,1,GATTTTGTATTCCTATATATAGACAAAGT,,Chr8,25336085,-,M_14208
Angiosperms_1221,Gsoja,Gsoja-Gsoja_F-GsF4981951,1568,+,0,TGATTTTGTATACATATGAGTAGACACAGT,,CM024977.1,3068996,+,M_124647
Angiosperms_1221,Gdarwinii,Gdarwinii-Gdarwinii.fixed-Gdar_TYG93905,2535,-,0,GGGTTTTGCATTCAATCAAGAGAACATTTT,,CM017698.1,14683767,+,M_23469
Angiosperms_1221,Ljaponicus,Ljaponicus-Ljaponicus-Lj1g3v4483420,2248,+,0,TGATTTTGTATTCATACAAGTGGGCAAAGT,,lotja.MG20.gnm3.Lj1,52515589,+,M_53460
Angiosperms_1221,Itinctoria,Itinctoria-Itinctoria-Isati.1774s0026,1601,-,18,TATGGGGGATTG,,Isat_scaffold1774,95395,+,M_154263
Angiosperms_1221,Itinctoria,Itinctoria-Itinctoria-Isati.1774s0026,1597,+,1,TAATTTGTAGTGGTCATATTAGACAAAAT,,Isat_scaffold1774,95407,+,M_154264
Angiosperms_1221,Itinctoria,Itinctoria-Itinctoria-Isati.1774s0027,989,+,1,AAGGTTGCATACAATTTAGGGGACATTTT,,Isat_scaffold1774,95431,-,M_154265
Angiosperms_1221,Gsoja,Gsoja-Gsoja-GlysoPI483463.13G089100,1371,+,0,TGATTTTGTATACATATGAGTAGACACTGT,,glyso.PI483463.gnm1.Gs13,22816607,+,M_541059
Angiosperms_1221,Fvesca,Fvesca-Fvesca-FvH4_2g21970,1924,+,0,TGATTTTGTCCTCCTATTTCTAGACAAAGT,,Fvb2,18133191,-,M_2344
Angiosperms_1221,Cmedica,Cmedica-Cmedica-Cm061220,866,+,0,AAGGCTTGTACCCACTCATACAGACAAAGT,,scaffold_56_1,339478,-,M_12589
Angiosperms_1221,Peuphratica,Peuphratica-Peuphratica-Peup_011026012,1357,+,0,TGACCTTGTTTCCATATGTGTAGACAAAGT,,NW_011499869.1,224608,-,M_7316
Angiosperms_1221,Jsinuosa,Jsinuosa-Jsinuosa-Jalsin_scf26599g00250,667,+,0,AGCTCTTGTACTCAAATTCTTAGACAAAAT,,scf7180000026599,731064,-,M_19659
Angiosperms_1221,Gbarbadense,Gbarbadense-Gbarbadense-KAB2016087,1134,+,3,CCTTGTATCCATACTTTTAGACAAAAT,,CM018222.1,8306623,-,M_42378
Angiosperms_1221,Camsinensis,Camsinensis-Camsinensis-KAF5936713,4200,+,1,GATCTTGTACACAGATTGATGGACACAAT,,CM025507.1,20551633,+,M_29305
Angiosperms_1221,Camplexicaulis,Camplexicaulis-Camplexicaulis-Caamp.1031s0444,1593,-,1,AAGGTTGCATGCAAAGTAGGGGACATTTT,,Caul_scaffold1031,2009647,+,M_30214
Angiosperms_1221,Graimondii.fixed,Graimondii.fixed-Graimondii.fixed-Graim_XP_012488224,5387,+,0,TGTCCTTGTATTCATATTGATAGACAAAAT,,NC_026935.1,12086170,+,M_12368
Angiosperms_1221,Nnucifera,Nnucifera-Nnucifera_185-XP_010274826,712,+,0,TAGCCTTGTATCCATATATATAGACAAAAT,,NW_010729165.1,1331335,-,M_4284
Angiosperms_1221,Ghirsutum,Ghirsutum-Ghirsutum.fixed-Ghir_XP_016703832,1133,+,3,CCTTGTATCCATACTTTTAGACAAAAT,,NC_030076.1,28241590,-,M_3381
Angiosperms_1221,Cannum,Cannum-CannuumCM334-CA06g27900,-86741,+,22,GACAAAAT,,Pepper1.55ch06,236075479,+,M_118635
Angiosperms_1221,Ahypogaea,Ahypogaea-Ahypogaea_Shitouqi-QHO52676,1807,+,0,TGATTTTGTATTCATAGAAGTAGACAAAGT,,CP030984.1,13229411,+,M_6151
Angiosperms_1221,Cmaritima,Cmaritima-Cmaritima-Camar.0283s0019,1379,+,3,AGTTGTAGTGGTCCTATTAGTCTAAGT,,Caki_scaffold283,175658,-,M_135475
Angiosperms_1221,Cmaritima,Cmaritima-Cmaritima-Camar.0283s0019,1381,-,18,TATGGGGGATTG,,Caki_scaffold283,175685,-,M_135476
Angiosperms_1221,Cmaritima,Cmaritima-Cmaritima-Camar.0283s0019,1200,-,1,AAAATAGCATAAAGTTTAGGGGACACTTA,,Caki_scaffold283,175835,-,M_135479
Angiosperms_1221,Colitorius,Colitorius-Colitorius.fixed-Corc_OMP09324,1235,-,0,GGCTTATGCATTCAATCAAGGGAACACTTT,,AWUE01012376.1,88317,+,M_685
Angiosperms_1221,Lalbus,Lalbus-Lalbus-Lalb_Chr06g0162491,1298,+,0,GATTTTTGTATTCATACAACTACAGAAAGT,,Lalb_Chr06,1164452,-,M_29662
Angiosperms_1221,Ssonchifolius,Ssonchifolius-Ssonchifolius-KAI3806058,881,+,1,GACCTTGTACTCCTATACATAGACAAATT,,CM042025.1,5032888,+,M_69198
Angiosperms_1221,Pavium,Pavium-Pavium-Pav_sc0000583.1_g210.1.mk,1619,+,1,GATTTTGTATTCTTATATATAGACAAAGT,,Pav_sc0000583.1,124245,+,M_6222
Angiosperms_1221,Ccajan,Ccajan-Ccajan-cajan_29008,4697,+,0,ATGATTTGTATGCATGTAAGTAGACAAAGT,,cajca.ICPL87119.gnm1.Scaffold000061,328376,+,M_211938
Angiosperms_1221,Nsinensis,Nsinensis-Nsinensis-KAA8550775,937,+,0,TGAGCTTGTACTCACATACATAGACAAAAT,,CM018031.1,62894704,-,M_1966
